{
  "ref_x": [
    10000000000.0,
    100000000000.0,
    1000000000000.0,
    10000000000000.0,
    100000000000000.0,
    1000000000000000.0,
    1e+16,
    1e+17,
    1e+18,
    1e+19,
    1e+20
  ],
  "ref_voc": [
    1.100196,
    1.12464,
    1.132448,
    1.137615,
    1.141248,
    1.143994,
    1.14637,
    1.151017,
    1.16755,
    1.202403,
    1.237259
  ],
  "f0.53": {
    "x": [
      10000000000000.0,
      100000000000000.0,
      1000000000000000.0,
      1e+16,
      1e+17,
      1e+18,
      1e+19,
      1e+20
    ],
    "voc": [
      1.1781213381992253,
      1.157718534628625,
      1.1541395413737325,
      1.1536571541633287,
      1.1543108302694989,
      1.158520988786674,
      1.1650247404222,
      1.1678116933989808
    ]
  },
  "f0.66": {
    "x": [
      10000000000000.0,
      100000000000000.0,
      1000000000000000.0,
      1e+16,
      1e+17,
      1e+18,
      1e+19,
      1e+20
    ],
    "voc": [
      1.198002697128055,
      1.1726623593321654,
      1.1672140581301687,
      1.1662251276575295,
      1.1669667376771315,
      1.1733729977413099,
      1.1867626544038024,
      1.1915460396758117
    ]
  },
  "SS": {
    "x": [
      10000000000000.0,
      1000000000000000.0,
      1e+16,
      1e+17,
      1e+18,
      1e+20
    ],
    "voc": [
      0.9788085937499998,
      1.05869140625,
      1.0700195312499994,
      1.08388671875,
      1.11728515625,
      1.17099609375
    ]
  },
  "wall_s": 1477.4951901435852
}