{
  "proj": false,
  "summary": {
    "CHI_ETL": {
      "note": "CBO band offset",
      "verdict": "TREND-MET (83%)",
      "stats": {
        "n": 14,
        "sl_range": 761.7172748224829,
        "sc_range": 918.038,
        "closure": 82.97230341472607,
        "dir_match": true,
        "flat_scaps": false,
        "flat_sl": false,
        "sl_dir": 0.7597383829011547,
        "sc_dir": 0.8959719999999999
      },
      "rows": [
        [
          -0.999999999999999,
          0.32483708553779167,
          true,
          0.332353
        ],
        [
          -0.749999999999999,
          0.5743641490605174,
          true,
          0.580953
        ],
        [
          -0.499999999999999,
          0.8238794102519723,
          true,
          0.83085
        ],
        [
          -0.249999999999999,
          1.0412614512712293,
          true,
          1.080493
        ],
        [
          -0.199999999999999,
          1.0602487887900174,
          true,
          1.129308
        ],
        [
          -0.159999999999999,
          1.0710669605338548,
          true,
          1.16755
        ],
        [
          -0.1,
          1.080525605877104,
          true,
          1.217203
        ],
        [
          -0.0499999999999998,
          1.083805421054499,
          true,
          1.240043
        ],
        [
          0.0,
          1.0848573710792417,
          true,
          1.247696
        ],
        [
          0.1,
          1.0847115985584057,
          true,
          1.250391
        ],
        [
          0.2,
          1.0841064673683567,
          true,
          1.250158
        ],
        [
          0.299999999999999,
          1.0841032707789608,
          true,
          1.249937
        ],
        [
          0.399999999999999,
          1.0865543603602745,
          true,
          1.248839
        ],
        [
          0.5,
          1.0845754684389464,
          true,
          1.228325
        ]
      ]
    },
    "Nd_ETL": {
      "note": "ETL donor doping",
      "verdict": "DIR MISMATCH (SL -11 vs SCAPS +100 mV)",
      "stats": {
        "n": 8,
        "sl_range": 29.720792307011745,
        "sc_range": 99.64400000000006,
        "closure": 29.826976342792065,
        "dir_match": false,
        "flat_scaps": false,
        "flat_sl": false,
        "sl_dir": -0.010948858259464789,
        "sc_dir": 0.09964400000000007
      },
      "rows": [
        [
          10000000000.0,
          0.0,
          false,
          1.100196
        ],
        [
          100000000000.0,
          0.0,
          false,
          1.12464
        ],
        [
          1000000000000.0,
          0.0,
          false,
          1.132448
        ],
        [
          10000000000000.0,
          1.095351911536691,
          true,
          1.137615
        ],
        [
          100000000000000.0,
          1.0793268281650343,
          true,
          1.141248
        ],
        [
          1000000000000000.0,
          1.068348135933831,
          true,
          1.143994
        ],
        [
          1e+16,
          1.0656311192296792,
          true,
          1.14637
        ],
        [
          1e+17,
          1.06593798902055,
          true,
          1.151017
        ],
        [
          1e+18,
          1.0710669562352568,
          true,
          1.16755
        ],
        [
          1e+19,
          1.0801689936818808,
          true,
          1.202403
        ],
        [
          1e+20,
          1.0844030532772262,
          true,
          1.237259
        ]
      ]
    },
    "Nt_C_PVK": {
      "note": "PVK bulk N_t (CB; combined SRH)",
      "verdict": "WEAK (0%)",
      "stats": {
        "n": 7,
        "sl_range": 0.06916681448077,
        "sc_range": 38.573999999999884,
        "closure": 0.17930941691494326,
        "dir_match": true,
        "flat_scaps": false,
        "flat_sl": true,
        "sl_dir": -6.916681448077e-05,
        "sc_dir": -0.038573999999999886
      },
      "rows": [
        [
          1000000000.0,
          1.0717506487948316,
          true,
          1.167649
        ],
        [
          10000000000.0,
          1.0717506396958922,
          true,
          1.167648
        ],
        [
          100000000000.0,
          1.0717505137926586,
          true,
          1.167639
        ],
        [
          1000000000000.0,
          1.0717505713018716,
          true,
          1.16755
        ],
        [
          10000000000000.0,
          1.071749947985028,
          true,
          1.166683
        ],
        [
          100000000000000.0,
          1.071743716591135,
          true,
          1.159563
        ],
        [
          1000000000000000.0,
          1.0716814819803508,
          true,
          1.129075
        ]
      ]
    },
    "Nt_V_PVK": {
      "note": "PVK bulk N_t (VB; same combined SRH as CB)",
      "verdict": "WEAK (1%)",
      "stats": {
        "n": 7,
        "sl_range": 0.06916681448077,
        "sc_range": 10.758999999999963,
        "closure": 0.6428740076286852,
        "dir_match": true,
        "flat_scaps": false,
        "flat_sl": true,
        "sl_dir": -6.916681448077e-05,
        "sc_dir": -0.010758999999999963
      },
      "rows": [
        [
          1000000000.0,
          1.0717506487948316,
          true,
          1.167564
        ],
        [
          10000000000.0,
          1.0717506396958922,
          true,
          1.167564
        ],
        [
          100000000000.0,
          1.0717505137926586,
          true,
          1.167563
        ],
        [
          1000000000000.0,
          1.0717505713018716,
          true,
          1.16755
        ],
        [
          10000000000000.0,
          1.071749947985028,
          true,
          1.167422
        ],
        [
          100000000000000.0,
          1.071743716591135,
          true,
          1.16619
        ],
        [
          1000000000000000.0,
          1.0716814819803508,
          true,
          1.156805
        ]
      ]
    },
    "Nt_HTL PVK": {
      "note": "HTL/PVK interface N_t",
      "verdict": "DIR MISMATCH (SL +85 vs SCAPS -5 mV)",
      "stats": {
        "n": 7,
        "sl_range": 85.00078037982229,
        "sc_range": 5.206000000000044,
        "closure": 1632.7464537038334,
        "dir_match": false,
        "flat_scaps": false,
        "flat_sl": false,
        "sl_dir": 0.08500078037982228,
        "sc_dir": -0.005206000000000044
      },
      "rows": [
        [
          1000000000.0,
          1.0982434696944634,
          true,
          1.167556
        ],
        [
          10000000000.0,
          1.1155311691071508,
          true,
          1.167556
        ],
        [
          100000000000.0,
          1.1392383425251673,
          true,
          1.167555
        ],
        [
          1000000000000.0,
          1.1696650096548031,
          true,
          1.16755
        ],
        [
          10000000000000.0,
          1.1816078496391111,
          true,
          1.167495
        ],
        [
          100000000000000.0,
          1.1830478968416425,
          true,
          1.166958
        ],
        [
          1000000000000000.0,
          1.1832442500742857,
          true,
          1.16235
        ]
      ]
    },
    "Nt_PVK ETL": {
      "note": "PVK/ETL interface N_t",
      "verdict": "TREND-MET (109%)",
      "stats": {
        "n": 6,
        "sl_range": 246.1914462341227,
        "sc_range": 226.661,
        "closure": 108.61658875330238,
        "dir_match": true,
        "flat_scaps": false,
        "flat_sl": false,
        "sl_dir": -0.2461914462341227,
        "sc_dir": -0.226661
      },