{
  "config": "configs/scaps_mirror_v2.yaml",
  "reference": "tests/integration/scaps_reference.json",
  "extracted_at": "2026-05-28",
  "jv_kwargs": {
    "N_grid": 30,
    "n_points": 20,
    "v_rate": 5.0,
    "V_max": 1.6
  },
  "total_wall_time_s": 515.0836410522461,
  "summaries": [
    {
      "sheet": "CHI_ETL",
      "n_points": 14,
      "n_voc_bracketed": 14,
      "scaps_voc_range_full_mV": 918.038,
      "scaps_voc_range_bracketed_subset_mV": 918.038,
      "sl_voc_range_mV": 846.2491776697393,
      "voc_range_closure_pct": 92.18019054437173,
      "voc_delta_mean_mV": -135.25455060597287,
      "voc_delta_median_mV": -144.68689380821465,
      "voc_delta_max_abs_mV": 170.52134188514123,
      "wall_time_s": 69.60940790176392
    },
    {
      "sheet": "Nd_ETL",
      "n_points": 11,
      "n_voc_bracketed": 8,
      "scaps_voc_range_full_mV": 137.06300000000016,
      "scaps_voc_range_bracketed_subset_mV": 99.64400000000006,
      "sl_voc_range_mV": 54.181618009876416,
      "voc_range_closure_pct": 54.37519369944641,
      "voc_delta_mean_mV": -106.69373614388891,
      "voc_delta_median_mV": -110.21723970716678,
      "voc_delta_max_abs_mV": 156.30325938020184,
      "wall_time_s": 55.170424938201904
    },
    {
      "sheet": "Nt_PVK ETL",
      "n_points": 7,
      "n_voc_bracketed": 6,
      "scaps_voc_range_full_mV": 281.718,
      "scaps_voc_range_bracketed_subset_mV": 226.661,
      "sl_voc_range_mV": 240.96147838785166,
      "voc_range_closure_pct": 106.30919231268354,
      "voc_delta_mean_mV": -302.2105009452994,
      "voc_delta_median_mV": -308.8567322735655,
      "voc_delta_max_abs_mV": 361.8393443846053,
      "wall_time_s": 361.1020076274872
    },
    {
      "sheet": "Nt_C_PVK",
      "n_points": 7,
      "n_voc_bracketed": 7,
      "scaps_voc_range_full_mV": 38.573999999999884,
      "scaps_voc_range_bracketed_subset_mV": 38.573999999999884,
      "sl_voc_range_mV": 0.037048746453827164,
      "voc_range_closure_pct": 0.09604590256086296,
      "voc_delta_mean_mV": -108.69502069383425,
      "voc_delta_median_mV": -115.40946714841027,
      "voc_delta_max_abs_mV": 115.50843081011597,
      "wall_time_s": 29.199449062347412
    }
  ]
}