{
  "placeholder": true,
  "note": "PLACEHOLDER candidate \u2014 synthetic curve based on R5's 2D MAPbI3 baseline with V_oc nudged +30 mV (representative of a slightly wider-gap candidate). Real DFT-screened parameters slot in once R3/R4 close (spec \u00a7 9). See module docstring for why a literal Eg-shift on the legacy preset would not produce a physically meaningful difference.",
  "v": [
    0.03,
    0.08,
    0.13,
    0.18000000000000002,
    0.23,
    0.28,
    0.33000000000000007,
    0.38,
    0.43000000000000005,
    0.48,
    0.53,
    0.5800000000000001,
    0.6300000000000001,
    0.68,
    0.7300000000000001,
    0.78,
    0.8300000000000001,
    0.8800000000000001,
    0.93,
    0.9800000000000001,
    1.03,
    1.08,
    1.1300000000000001,
    1.1800000000000002,
    1.2300000000000002,
    1.28,
    1.33,
    1.3800000000000001,
    1.4300000000000002
  ],
  "j": [
    404.94043088453634,
    404.9355204061352,
    404.9295738673483,
    404.92223232930604,
    404.913025699513,
    404.901542110863,
    404.8873361656928,
    404.86933841156,
    404.8454004472491,
    404.8123145022334,
    404.76351989887536,
    404.6778349225907,
    404.48583226670144,
    403.9631765650609,
    402.353623844841,
    396.96650017436696,
    376.3712297809777,
    204.00730521925365,
    -807.8489022507964,
    -3020.3144062504794,
    -6216.0570449781335,
    -10190.212022878983,
    -14785.85396502265,
    -19880.114067940376,
    -25378.050482319457,
    -31207.678529579807,
    -37315.25429896937,
    -43661.12053335657,
    -50216.173353002545
  ],
  "metrics": {
    "voc_V": 0.8900808446750224,
    "jsc_A_per_m2": 404.94043088453634,
    "ff": 0.8645218797106725,
    "pce_pct": 31.159937969915656
  }
}