x,V_oc_sl,V_oc_scaps,V_oc_delta_mV,J_sc_sl,J_sc_scaps,FF_sl,FF_scaps,PCE_sl,PCE_scaps,voc_bracketed
1.000000e+09,1.071751,1.167649,-95.898,333.5042,262.8199,0.849409,0.869829,0.303607,0.266934,True
1.000000e+10,1.071751,1.167648,-95.897,333.5042,262.8199,0.849409,0.869830,0.303607,0.266934,True
1.000000e+11,1.071751,1.167639,-95.888,333.5042,262.8199,0.849409,0.869834,0.303607,0.266934,True
1.000000e+12,1.071751,1.167550,-95.799,333.5042,262.8199,0.849409,0.869876,0.303607,0.266926,True
1.000000e+13,1.071750,1.166683,-94.933,333.5042,262.8199,0.849409,0.870283,0.303607,0.266853,True
1.000000e+14,1.071744,1.159563,-87.819,333.5042,262.8194,0.849413,0.873396,0.303607,0.266172,True
1.000000e+15,1.071681,1.129075,-57.394,333.5041,262.8141,0.849453,0.880927,0.303603,0.261403,True
