x,V_oc_sl,V_oc_scaps,V_oc_delta_mV,J_sc_sl,J_sc_scaps,FF_sl,FF_scaps,PCE_sl,PCE_scaps,voc_bracketed
1.000000e+09,1.021297,1.249473,-228.176,333.5041,262.8200,0.829961,0.907999,0.282690,0.298175,True
1.000000e+10,0.944965,1.248254,-303.289,333.5040,262.8200,0.852486,0.902795,0.268661,0.296176,True
1.000000e+11,0.877961,1.235720,-357.759,333.5026,262.8200,0.844317,0.876373,0.247218,0.284621,True
1.000000e+12,0.828851,1.167551,-338.700,333.4892,262.8199,0.803169,0.869876,0.222006,0.266926,True
1.000000e+13,0.783767,1.088511,-304.744,333.3935,262.8197,0.827409,0.875539,0.216204,0.250476,True
1.000000e+14,0.775105,1.022812,-247.707,333.1950,262.8175,0.819652,0.872634,0.211684,0.234575,True
1.000000e+15,nan,0.967755,nan,nan,262.7963,nan,0.862206,nan,0.219278,False
