N_D_cm3,V_oc,J_sc,FF,PCE,voc_bracketed,error
1e+16,1.1164210250886297,3366.2909914240713,0.5706793749246626,2.1447261079634794,True,
5e+16,1.1328042699587733,8883.904171166165,0.3135741771444623,3.155724153868923,True,
1e+17,1.1406944689574412,13511.365863534982,0.21383861952840028,3.2957535752918172,True,
5e+17,1.1431572038367581,16407.740592314156,0.15949839070153157,2.991651798646928,True,
1e+18,1.1228553500157308,14369.199148973046,0.14525069464037293,2.3435520010129403,True,
5e+18,1.1104824827577866,131.5269401744268,0.04873647439559452,0.0071183696722395195,True,
1e+19,1.1478224611326602,5.255758249583618,0.30728246289249,0.0018537359598298432,True,
