{
  "proj": true,
  "summary": {
    "CHI_ETL": {
      "note": "CBO band offset",
      "verdict": "TREND-MET (92%)",
      "stats": {
        "n": 14,
        "sl_range": 846.2491776697393,
        "sc_range": 918.038,
        "closure": 92.18019054437173,
        "dir_match": true,
        "flat_scaps": false,
        "flat_sl": false,
        "sl_dir": 0.8441386066675686,
        "sc_dir": 0.8959719999999999
      },
      "rows": [
        [
          -0.999999999999999,
          0.23720672793652497,
          true,
          0.332353
        ],
        [
          -0.749999999999999,
          0.4857658741439566,
          true,
          0.580953
        ],
        [
          -0.499999999999999,
          0.7345364277950722,
          true,
          0.83085
        ],
        [
          -0.249999999999999,
          0.9820796222925858,
          true,
          1.080493
        ],
        [
          -0.199999999999999,
          1.0282798823489225,
          true,
          1.129308
        ],
        [
          -0.159999999999999,
          1.0517731415459612,
          true,
          1.16755
        ],
        [
          -0.1,
          1.074808877779477,
          true,
          1.217203
        ],
        [
          -0.0499999999999998,
          1.080313102584567,
          true,
          1.240043
        ],
        [
          0.0,
          1.0812267908692599,
          true,
          1.247696
        ],
        [
          0.1,
          1.0805123448697724,
          true,
          1.250391
        ],
        [
          0.2,
          1.0796366581148589,
          true,
          1.250158
        ],
        [
          0.299999999999999,
          1.0795946010250637,
          true,
          1.249937
        ],
        [
          0.399999999999999,
          1.0834559056062643,
          true,
          1.248839
        ],
        [
          0.5,
          1.0813453346040935,
          true,
          1.228325
        ]
      ]
    },
    "Nd_ETL": {
      "note": "ETL donor doping",
      "verdict": "DIR MISMATCH (SL -11 vs SCAPS +100 mV)",
      "stats": {
        "n": 8,
        "sl_range": 54.181618009876416,
        "sc_range": 99.64400000000006,
        "closure": 54.37519369944641,
        "dir_match": false,
        "flat_scaps": false,
        "flat_sl": false,
        "sl_dir": -0.0110879160486419,
        "sc_dir": 0.09964400000000007
      },
      "rows": [
        [
          10000000000.0,
          0.0,
          false,
          1.100196
        ],
        [
          100000000000.0,
          0.0,
          false,
          1.12464
        ],
        [
          1000000000000.0,
          0.0,
          false,
          1.132448
        ],
        [
          10000000000000.0,
          1.0920436566684402,
          true,
          1.137615
        ],
        [
          100000000000000.0,
          1.0570534973442562,
          true,
          1.141248
        ],
        [
          1000000000000000.0,
          1.0409088297350975,
          true,
          1.143994
        ],
        [
          1e+16,
          1.0378620386585637,
          true,
          1.14637
        ],
        [
          1e+17,
          1.0390904819271025,
          true,
          1.151017
        ],
        [
          1e+18,
          1.0517730695635554,
          true,
          1.16755
        ],
        [
          1e+19,
          1.074218796332075,
          true,
          1.202403
        ],
        [
          1e+20,
          1.0809557406197983,
          true,
          1.237259
        ]
      ]
    },
    "Nt_C_PVK": {
      "note": "PVK bulk N_t (CB; combined SRH)",
      "verdict": "WEAK (0%)",
      "stats": {
        "n": 7,
        "sl_range": 0.037048746453827164,
        "sc_range": 38.573999999999884,
        "closure": 0.09604590256086296,
        "dir_match": true,
        "flat_scaps": false,
        "flat_sl": true,
        "sl_dir": -3.7048746453827164e-05,
        "sc_dir": -0.038573999999999886
      },
      "rows": [
        [
          1000000000.0,
          1.052140569189884,
          true,
          1.167649
        ],
        [
          10000000000.0,
          1.0521405689010694,
          true,
          1.167648
        ],
        [
          100000000000.0,
          1.0521396270519845,
          true,
          1.167639
        ],
        [
          1000000000000.0,
          1.0521405328515898,
          true,
          1.16755
        ],
        [
          10000000000000.0,
          1.0521401752333253,
          true,
          1.166683
        ],
        [
          100000000000000.0,
          1.0521368614718771,
          true,
          1.159563
        ],
        [
          1000000000000000.0,
          1.0521035204434301,
          true,
          1.129075
        ]
      ]
    },
    "Nt_V_PVK": {
      "note": "PVK bulk N_t (VB; same combined SRH as CB)",
      "verdict": "WEAK (0%)",
      "stats": {
        "n": 7,
        "sl_range": 0.037048746453827164,
        "sc_range": 10.758999999999963,
        "closure": 0.3443512078615791,
        "dir_match": true,
        "flat_scaps": false,
        "flat_sl": true,
        "sl_dir": -3.7048746453827164e-05,
        "sc_dir": -0.010758999999999963
      },
      "rows": [
        [
          1000000000.0,
          1.052140569189884,
          true,
          1.167564
        ],
        [
          10000000000.0,
          1.0521405689010694,
          true,
          1.167564
        ],
        [
          100000000000.0,
          1.0521396270519845,
          true,
          1.167563
        ],
        [
          1000000000000.0,
          1.0521405328515898,
          true,
          1.16755
        ],
        [
          10000000000000.0,
          1.0521401752333253,
          true,
          1.167422
        ],
        [
          100000000000000.0,
          1.0521368614718771,
          true,
          1.16619
        ],
        [
          1000000000000000.0,
          1.0521035204434301,
          true,
          1.156805
        ]
      ]
    },
    "Nt_HTL PVK": {
      "note": "HTL/PVK interface N_t",
      "verdict": "DIR MISMATCH (SL +105 vs SCAPS -5 mV)",
      "stats": {
        "n": 7,
        "sl_range": 105.41968162314052,
        "sc_range": 5.206000000000044,
        "closure": 2024.96507151632,
        "dir_match": false,
        "flat_scaps": false,
        "flat_sl": false,
        "sl_dir": 0.10541968162314053,
        "sc_dir": -0.005206000000000044
      },
      "rows": [
        [
          1000000000.0,
          1.0777564345055335,
          true,
          1.167556
        ],
        [
          10000000000.0,
          1.10836410447429,
          true,
          1.167556
        ],
        [
          100000000000.0,
          1.1339461005349307,
          true,
          1.167555
        ],
        [
          1000000000000.0,
          1.1664498982584162,
          true,
          1.16755
        ],
        [
          10000000000000.0,
          1.1813302244192359,
          true,
          1.167495
        ],
        [
          100000000000000.0,
          1.182950274702461,
          true,
          1.166958
        ],
        [
          1000000000000000.0,
          1.183176116128674,
          true,
          1.16235
        ]
      ]
    },
    "Nt_PVK ETL": {
      "note": "PVK/ETL interface N_t",
      "verdict": "TREND-MET (106%)",
      "stats": {
        "n": 6,
        "sl_range": 240.96147838785166,
        "sc_range": 226.661,
        "closure": 106.30919231268354,
        "dir_match": true,
        "flat_scaps": false,
        "flat_sl": false,
        "sl_dir": -0.24096147838785165,
        "sc_dir": -0.226661
      },