sample,n_m3,p_m3,R_true_m3_s,R_collapsed_m3_s,ratio
dark-eq (low),1.000e+18,1.000e+18,9.570881e+16,9.570881e+16,1.000000
low injection,1.000e+20,1.000e+20,9.561821e+20,9.561821e+20,1.000000
mid injection,1.000e+22,1.000e+22,8.734952e+24,8.734952e+24,1.000000
high injection (V_oc),1.000e+23,1.000e+23,4.890392e+26,4.890392e+26,1.000000
asymmetric n-rich,1.000e+23,1.000e+18,6.473200e+21,6.473200e+21,1.000000
asymmetric p-rich,1.000e+18,1.000e+23,6.473200e+21,6.473200e+21,1.000000
