axis,x,status,Voc_V_solarlab,Jsc_mA_cm2_solarlab,FF_percent_solarlab,PCE_percent_solarlab,voc_bracketed,x_round,PCE_percent_scaps,Voc_V_scaps,FF_percent_scaps,Jsc_mA_cm2_scaps
absorber_trap_depth_below_cb_eV,0.01,ok,1.003608677368403,26.290621267636062,74.72762506743885,19.717254252255522,True,0.01,27.7347,1.201974,87.7951,26.28199587
absorber_trap_depth_below_cb_eV,0.05,ok,1.0035694762657663,26.29061996352318,74.73045990190707,19.717231071262965,True,0.05,27.3549,1.187526,87.6463,26.2819956
absorber_trap_depth_below_cb_eV,0.1,ok,1.0033436855674407,26.29061348944678,74.74667490750187,19.7170673629381,True,0.1,27.0066,1.177299,87.2819,26.28199504
absorber_trap_depth_below_cb_eV,0.2,ok,1.0022055894569366,26.29054785839052,74.80926965999576,19.711145861662853,True,0.2,26.7348,1.168613,87.0458,26.28199408
absorber_trap_depth_below_cb_eV,0.3,ok,1.0020440375700457,26.29040674830756,74.70098389265148,19.679335757702336,True,0.3,26.6926,1.16755,86.9876,26.28199376
absorber_trap_depth_below_cb_eV,0.4,ok,1.0020402015884164,26.29039156092292,74.67919454825952,19.673508862586473,True,0.4,26.69,1.167495,86.9831,26.28199374
absorber_trap_depth_below_cb_eV,0.5,ok,1.0020401211982488,26.290380899889975,74.67868952526833,19.673366263093875,True,0.5,26.6899,1.167494,86.9829,26.28199374
absorber_trap_depth_below_cb_eV,0.6,ok,1.00204011951833,26.290380124039785,74.67868050218964,19.673363272493447,True,0.6,26.6899,1.167494,86.9829,26.28199374
