axis,x,status,Voc_V,Jsc_mA_cm2,FF_percent,PCE_percent,voc_bracketed
absorber_trap_depth_above_vb_eV,0.01,ok,1.0036086773704493,26.290621267636062,74.72762506728648,19.717254252255522,True
absorber_trap_depth_above_vb_eV,0.05,ok,1.0035694761067422,26.29061996352318,74.73045991374873,19.717231071262965,True
absorber_trap_depth_above_vb_eV,0.1,ok,1.0033436856677482,26.29061348944678,74.74667490002919,19.7170673629381,True
absorber_trap_depth_above_vb_eV,0.2,ok,1.0022055894619595,26.29054785839052,74.80926965982384,19.711145861716343,True
absorber_trap_depth_above_vb_eV,0.3,ok,1.002044037570046,26.29040674830756,74.7009838926007,19.679335757688964,True
absorber_trap_depth_above_vb_eV,0.4,ok,1.0020402015881045,26.29039156092292,74.67919454873959,19.67350886270682,True
absorber_trap_depth_above_vb_eV,0.5,ok,1.002040121198216,26.290380899889975,74.67868951237841,19.67336625969751,True
absorber_trap_depth_above_vb_eV,0.6,ok,1.0020401195182758,26.290380124039785,74.67868050290426,19.67336327268065,True
