{
  "proj": false,
  "summary": {
    "CHI_ETL": {
      "note": "CBO band offset",
      "verdict": "WEAK (2%)",
      "stats": {
        "n": 14,
        "sl_range": 20.263304007931417,
        "sc_range": 918.038,
        "closure": 2.207240224035543,
        "dir_match": true,
        "flat_scaps": false,
        "flat_sl": false,
        "sl_dir": 0.018024630134381603,
        "sc_dir": 0.8959719999999999
      },
      "rows": [
        [
          -0.999999999999999,
          1.0596767211809621,
          true,
          0.332353
        ],
        [
          -0.749999999999999,
          1.0645562799647963,
          true,
          0.580953
        ],
        [
          -0.499999999999999,
          1.070134625166321,
          true,
          0.83085
        ],
        [
          -0.249999999999999,
          1.07564923758682,
          true,
          1.080493
        ],
        [
          -0.199999999999999,
          1.0764440892910327,
          true,
          1.129308
        ],
        [
          -0.159999999999999,
          1.07690391925882,
          true,
          1.16755
        ],
        [
          -0.1,
          1.0772108721837843,
          true,
          1.217203
        ],
        [
          -0.0499999999999998,
          1.0770896939982257,
          true,
          1.240043
        ],
        [
          0.0,
          1.0766962260481125,
          true,
          1.247696
        ],
        [
          0.1,
          1.075615320357713,
          true,
          1.250391
        ],
        [
          0.2,
          1.0747366721617395,
          true,
          1.250158
        ],
        [
          0.299999999999999,
          1.0748414051375488,
          true,
          1.249937
        ],
        [
          0.399999999999999,
          1.0799400251888935,
          true,
          1.248839
        ],
        [
          0.5,
          1.0777013513153437,
          true,
          1.228325
        ]
      ]
    },
    "Nd_ETL": {
      "note": "ETL donor doping",
      "verdict": "DIR MISMATCH (SL -15 vs SCAPS +137 mV)",
      "stats": {
        "n": 11,
        "sl_range": 16.20273435876274,
        "sc_range": 137.06300000000016,
        "closure": 11.821377292750576,
        "dir_match": false,
        "flat_scaps": false,
        "flat_sl": false,
        "sl_dir": -0.01495851213999555,
        "sc_dir": 0.13706300000000016
      },
      "rows": [
        [
          10000000000.0,
          1.0918785213504614,
          true,
          1.100196
        ],
        [
          100000000000.0,
          1.0929269983031313,
          true,
          1.12464
        ],
        [
          1000000000000.0,
          1.0927691894048448,
          true,
          1.132448
        ],
        [
          10000000000000.0,
          1.0912842438166517,
          true,
          1.137615
        ],
        [
          100000000000000.0,
          1.0856203257851031,
          true,
          1.141248
        ],
        [
          1000000000000000.0,
          1.0790414626754012,
          true,
          1.143994
        ],
        [
          1e+16,
          1.077050729871237,
          true,
          1.14637
        ],
        [
          1e+17,
          1.0767242639443686,
          true,
          1.151017
        ],
        [
          1e+18,
          1.0769043374041045,
          true,
          1.16755
        ],
        [
          1e+19,
          1.07718857849372,
          true,
          1.202403
        ],
        [
          1e+20,
          1.0769200092104658,
          true,
          1.237259
        ]
      ]
    },
    "Nt_C_PVK": {
      "note": "PVK bulk N_t (CB; combined SRH)",
      "verdict": "WEAK (0%)",
      "stats": {
        "n": 7,
        "sl_range": 0.11314398895523325,
        "sc_range": 38.573999999999884,
        "closure": 0.29331671321416913,
        "dir_match": true,
        "flat_scaps": false,
        "flat_sl": true,
        "sl_dir": -0.00011314398895523325,
        "sc_dir": -0.038573999999999886
      },
      "rows": [
        [
          1000000000.0,
          1.078017687897149,
          true,
          1.167649
        ],
        [
          10000000000.0,
          1.0780176868072775,
          true,
          1.167648
        ],
        [
          100000000000.0,
          1.0779978955947331,
          true,
          1.167639
        ],
        [
          1000000000000.0,
          1.078017574493806,
          true,
          1.16755
        ],
        [
          10000000000000.0,
          1.0780172122465175,
          true,
          1.166683
        ],
        [
          100000000000000.0,
          1.078006346026573,
          true,
          1.159563
        ],
        [
          1000000000000000.0,
          1.0779045439081938,
          true,
          1.129075
        ]
      ]
    },
    "Nt_V_PVK": {
      "note": "PVK bulk N_t (VB; same combined SRH as CB)",
      "verdict": "WEAK (1%)",
      "stats": {
        "n": 7,
        "sl_range": 0.11314398895523325,
        "sc_range": 10.758999999999963,
        "closure": 1.0516217952898377,
        "dir_match": true,
        "flat_scaps": false,
        "flat_sl": true,
        "sl_dir": -0.00011314398895523325,
        "sc_dir": -0.010758999999999963
      },
      "rows": [
        [
          1000000000.0,
          1.078017687897149,
          true,
          1.167564
        ],
        [
          10000000000.0,
          1.0780176868072775,
          true,
          1.167564
        ],
        [
          100000000000.0,
          1.0779978955947331,
          true,
          1.167563
        ],
        [
          1000000000000.0,
          1.078017574493806,
          true,
          1.16755
        ],
        [
          10000000000000.0,
          1.0780172122465175,
          true,
          1.167422
        ],
        [
          100000000000000.0,
          1.078006346026573,
          true,
          1.16619
        ],
        [
          1000000000000000.0,
          1.0779045439081938,
          true,
          1.156805
        ]
      ]
    },
    "Nt_HTL PVK": {
      "note": "HTL/PVK interface N_t",
      "verdict": "WEAK (0%)",
      "stats": {
        "n": 7,
        "sl_range": 0.02270738273835171,
        "sc_range": 5.206000000000044,
        "closure": 0.4361771559422113,
        "dir_match": true,
        "flat_scaps": false,
        "flat_sl": true,
        "sl_dir": -2.1224164721722616e-05,
        "sc_dir": -0.005206000000000044
      },
      "rows": [
        [
          1000000000.0,
          1.0769021027051708,
          true,
          1.167556
        ],
        [
          10000000000.0,
          1.076903584037766,
          true,
          1.167556
        ],
        [
          100000000000.0,
          1.076903581910316,
          true,
          1.167555
        ],
        [
          1000000000000.0,
          1.0769035806880416,
          true,
          1.16755
        ],
        [
          10000000000000.0,
          1.0769035859231875,
          true,
          1.167495
        ],
        [
          100000000000000.0,
          1.0769035607766344,
          true,
          1.166958
        ],
        [
          1000000000000000.0,
          1.0768808785404491,
          true,
          1.16235
        ]
      ]
    },
    "Nt_PVK ETL": {
      "note": "PVK/ETL interface N_t",
      "verdict": "WEAK (0%)",
      "stats": {
        "n": 7,
        "sl_range": 0.05901067933322679,
        "sc_range": 281.718,
        "closure": 0.02094671953273372,
        "dir_match": true,
        "flat_scaps": false,
        "flat_sl": true,
        "sl_dir": -5.900816761772454e-05,
        "sc_dir": -0.281718
      },