N_t,V_oc,voc_bracketed,V_oc_scaps
1000000000.0,1.5240184753459647,True,1.167649
10000000000.0,1.524005883680917,True,1.167648
100000000000.0,1.523789329995274,True,1.167639
1000000000000.0,1.5218589843148729,True,1.16755
10000000000000.0,1.4918672849868115,True,1.166683
100000000000000.0,1.409065925856707,True,1.159563
1000000000000000.0,1.2930282055211242,True,1.129075
