variant,a_star,V_oc,J_sc,FF,PCE,voc_bracketed,error
baseline_1.2e6,1201700.0,1.0807818056338885,333.52544961827925,0.8440466452347618,0.30425200671339375,True,
1.2e5_10x_lower,120170.0,1.0807818056338885,333.52544961827925,0.8440466452347618,0.30425200671339375,True,
1.2e4_100x_lower,12017.0,1.0807818056338885,333.52544961827925,0.8440466452347618,0.30425200671339375,True,
1.2e3_1000x_lower,1201.7,1.0807818056338885,333.52544961827925,0.8440466452347618,0.30425200671339375,True,
