{
  "scaps": {
    "Voc": 1.1676,
    "Jsc": 26.282,
    "FF": 86.99,
    "PCE": 26.69
  },
  "f0.53": {
    "Voc": 1.1637809850414031,
    "Jsc": 25.71961700931097,
    "FF": 87.32089525230023,
    "PCE": 26.13689143047264
  },
  "f0.66": {
    "Voc": 1.1808732723390796,
    "Jsc": 25.7208270059429,
    "FF": 86.95872870689729,
    "PCE": 26.412006978596462
  },
  "ss": {
    "Voc": 1.161678658857574,
    "Jsc": 25.719607338202582,
    "FF": 88.76405655088305,
    "PCE": 26.52085288098187
  }
}