{
  "title": "PVK/ETL interface defect density",
  "scaps_range_mV": 281.718,
  "f0.53": {
    "range_mV": 202.45522283538685,
    "closure": 71.86449670783792,
    "dir": "match"
  },
  "f0.66": {
    "range_mV": 226.25179249131767,
    "closure": 80.31144353265239,
    "dir": "match"
  },
  "ss": {
    "range_mV": 178.7109375000001,
    "closure": 63.43610898132178,
    "dir": "match"
  },
  "n": {
    "f0.53": 7,
    "f0.66": 7,
    "ss": 7
  }
}