{
  "title": "ETL donor doping",
  "scaps_range_mV": 137.06300000000016,
  "f0.53": {
    "range_mV": 24.464184037534142,
    "closure": 17.84886077025464,
    "dir": "MISMATCH"
  },
  "f0.66": {
    "range_mV": 31.777569468067092,
    "closure": 23.184644629161085,
    "dir": "MISMATCH"
  },
  "ss": {
    "range_mV": 259.3749999999999,
    "closure": 189.2377957581547,
    "dir": "match"
  },
  "n": {
    "f0.53": 8,
    "f0.66": 8,
    "ss": 11
  }
}