{
  "title": "PVK donor doping",
  "scaps_range_mV": 34.01999999999994,
  "f0.53": {
    "range_mV": 5.762959740163831,
    "closure": 16.939916931698534,
    "dir": "match"
  },
  "f0.66": {
    "range_mV": 9.938843489005755,
    "closure": 29.214707492668353,
    "dir": "MISMATCH"
  },
  "ss": {
    "range_mV": 3.5156250000003553,
    "closure": 10.333994708995773,
    "dir": "match"
  },
  "n": {
    "f0.53": 6,
    "f0.66": 6,
    "ss": 6
  }
}