{
  "title": "ETL/PVK conduction-band offset",
  "scaps_range_mV": 918.038,
  "f0.53": {
    "range_mV": 784.4923343339434,
    "closure": 85.45314402387956,
    "dir": "match"
  },
  "f0.66": {
    "range_mV": 806.0042342154563,
    "closure": 87.79639124039052,
    "dir": "match"
  },
  "ss_genuine": {
    "range_mV": 12.609078091821102,
    "closure": 1.3734810641630413,
    "dir": "match"
  },
  "ss_full": {
    "range_mV": 785.3644678168039,
    "closure": 85.54814373879991,
    "dir": "match"
  },
  "n": {
    "f0.53": 14,
    "f0.66": 14,
    "ss_genuine": 8,
    "ss_fallback": 6,
    "ss_total": 14,
    "ref": 14
  }
}