{
  "title": "ETL/PVK conduction-band offset",
  "scaps_range_mV": 918.038,
  "f0.53": {
    "range_mV": 784.4923343339434,
    "closure": 85.45314402387956,
    "dir": "match"
  },
  "f0.66": {
    "range_mV": 806.0042342154563,
    "closure": 87.79639124039052,
    "dir": "match"
  },
  "ss": {
    "range_mV": 12.304687500000355,
    "closure": 1.3403244201220816,
    "dir": "match"
  },
  "n": {
    "f0.53": 14,
    "f0.66": 14,
    "ss": 8
  }
}