{"NT": [1000000000.0, 10000000000.0, 100000000000.0, 1000000000000.0, 10000000000000.0, 100000000000000.0, 1000000000000000.0], "ET": [0.01, 0.05, 0.1, 0.2, 0.3, 0.4, 0.5, 0.6], "DEC": [-1.0, -0.75, -0.5, -0.25, -0.16, -0.1, -0.05, 0.0, 0.05, 0.1, 0.2, 0.3, 0.4, 0.5, 0.6, 0.7], "ntet": {"PCE": [[26.824729863081597, 26.824439765566588, 26.82405866068698, 26.823890093776924, 26.823886341293367, 26.823885279963132, 26.823886257704583, 26.823886261489655], [26.823476769466097, 26.820574330624307, 26.816579653207377, 26.81507213771149, 26.815034765627676, 26.81503398174697, 26.815033965309183, 26.815033964998054], [26.81093996851182, 26.78192969272155, 26.7420236634134, 26.72696971633986, 26.726596557613547, 26.72658872964438, 26.72658856448871, 26.726588559925624], [26.68574106163516, 26.39703831454997, 26.042206675030087, 26.001708752923175, 26.00069319881106, 26.000671888698374, 26.000671443649054, 26.000671433178564], [25.9189092840459, 25.215679614811183, 24.824552633816598, 24.729536246607324, 24.727137211030126, 24.727086861226784, 24.727085809047608, 24.727085786981622], [24.570778336202697, 23.76724343017744, 23.259111254814602, 23.05244619225862, 23.047210533587847, 23.04710064096357, 23.047098344473568, 23.047098296492415], [22.890963100178354, 22.19960614380952, 21.716319959867093, 21.622520559516083, 21.620129345860473, 21.62007914819566, 21.62007809925322, 21.620078077181258]], "Voc": [[1.1686785524280763, 1.1686746164613382, 1.1686704405628263, 1.168669135646151, 1.1686691048427342, 1.168669104161942, 1.1686691041835888, 1.1686691041837989], [1.1686581443176085, 1.1686188301213651, 1.1685768652927724, 1.1685641271796543, 1.168563819838585, 1.16856381340557, 1.1685638132632896, 1.1685638132607377], [1.1684548410481372, 1.1680661336835942, 1.1676569448460503, 1.167529474541814, 1.167526467090235, 1.1675264040409274, 1.1675264027582068, 1.1675263991308804], [1.1664960685027872, 1.1630131230946426, 1.1595848736448249, 1.1585459153341537, 1.1585215082543903, 1.1585209968990524, 1.1585210442275542, 1.1585209859894634], [1.152270013229973, 1.1256575227211967, 1.1102080255505076, 1.1055486954469806, 1.105387104232666, 1.10538372485765, 1.1053836542682065, 1.1053836527922662], [1.089434691273664, 1.0570242171260116, 1.0362656345430428, 1.0321295079020552, 1.032038913510188, 1.0320370183185918, 1.032036978714729, 1.0320369844509598], [1.0264670477540674, 0.991995633959092, 0.9723451514832383, 0.9663458316658308, 0.9662166405750373, 0.9662139389827892, 0.9662138825281593, 0.966213881348412]], "FF": [[89.24339779481095, 89.2427332263488, 89.24178419634605, 89.24132303454701, 89.24131290229914, 89.2413094241444, 89.24131267155558, 89.2413126873577], [89.24078724092523, 89.23413280634578, 89.2240462197548, 89.22000296549935, 89.21990208568987, 89.21989996460098, 89.21989992537117, 89.21989992503876], [89.21459777627959, 89.14772138382628, 89.04608213220077, 89.00567176906274, 89.00465835255531, 89.00463709074825, 89.00463662604704, 89.00463689745874], [88.9471018779435, 88.24831100103204, 87.319462833089, 87.26185790474909, 87.26028801405403, 87.2602550115655, 87.26024995310398, 87.26025430431177], [87.45774544004797, 87.0964032979257, 86.93865175905684, 86.97089406298029, 86.97516959374467, 86.97525839454043, 86.97526024638348, 86.97526028593542], [87.69070216594193, 87.42381707832901, 87.26860254705528, 86.83981473489175, 86.82771332802956, 86.82745875650949, 86.82745345396205, 86.82745278861158], [86.70718185442523, 87.01057939775845, 86.83673079805999, 86.99856026183953, 87.00057392273467, 87.00061525901079, 87.00061612324707, 87.0006161397287]], "Jsc": [[25.719598590255334, 25.71959859010184, 25.719598590971714, 25.719598590005955, 25.71959859005664, 25.719598589815963, 25.719598590916206, 25.71959858998661], [25.71959859000459, 25.719598589218684, 25.719598589028287, 25.719598588691724, 25.71959858859479, 25.719598589775302, 25.719598588449408, 25.719598588302983], [25.71959858895645, 25.71959858545506, 25.719598579023426, 25.71959857577919, 25.719598575230947, 25.7195985751293, 25.719598578737838, 25.71959857582392], [25.71959857804767, 25.719598547057416, 25.719598478825834, 25.719598440413733, 25.71959843989368, 25.71959843977868, 25.719598439790673, 25.7195984398402], [25.7195984718552, 25.719598152599694, 25.719597477448975, 25.719597097820213, 25.719597087032145, 25.719597086605653, 25.71959708702704, 25.71959708672094], [25.719597382110038, 25.71959421507005, 25.719587474530123, 25.71958367292374, 25.7195835645144, 25.719583567444715, 25.719583562328005, 25.71958356291612], [25.71958651301606, 25.71955488048758, 25.71948770861245, 25.719449903832686, 25.71944883578302, 25.719448813275797, 25.719448812709373, 25.71944881298345]]}, "ntcbo": {"PCE": [[19.18257209661377, 21.714053776210235, 24.466305734782743, 26.63405281042122, 26.823886261489655, 26.84926891516639, 26.854207619726996, 26.85505605732198, 26.85447029480742, 26.85327039267405, 26.84949634371639, 26.834398089731774, 26.639623536629824, 22.160754599409437, 9.181073985653615, 0.5718884023730729], [15.700845452770668, 19.44357240886481, 23.545952468639427, 26.550180918622253, 26.815033964998054, 26.847852317862465, 26.853904228906956, 26.854955455271167, 26.8544403687352, 26.853250573449866, 26.84948702270185, 26.834391252668016, 26.63961992872746, 22.16075209997668, 9.181071555896988, 0.5718881420369911], [8.920695190131763, 14.447433253284151, 20.272779239566045, 25.822066903713782, 26.726588559925624, 26.833684802617213, 26.85061772999634, 26.85400475110332, 26.854052562877996, 26.85305220139107, 26.849393675101137, 26.83432864533895, 26.63955474220569, 22.160708491190377, 9.181039388501649, 0.5718855379941433], [6.0982573746920865, 11.968638199891481, 18.05873761063992, 24.17529678024376, 26.000671433178564, 26.692253625861273, 26.817994143234408, 26.84444945748272, 26.850255070765872, 26.851068730206578, 26.848460349047294, 26.833690722114547, 26.638929353120876, 22.1602688979712, 9.18080430103632, 0.57185949918108], [4.398073064373306, 10.152195825193166, 16.3229021047331, 22.538096372996627, 24.727085786981622, 25.913329107013073, 26.49306425404531, 26.749015640675044, 26.812299589161704, 26.831239062271102, 26.839128118455076, 26.827318524657723, 26.632676145511542, 22.15591374259386, 9.178375664497288, 0.5715992397466827], [2.85555721447465, 8.684140231141138, 14.645519445690534, 20.78739888288078, 23.047098296492415, 24.577934807130934, 25.512629769665452, 26.044237599809062, 26.434715002775594, 26.63350938172744, 26.74594172625745, 26.763664705499867, 26.570234467113014, 22.112532577217284, 9.154190124700008, 0.5690095833881638], [1.6737687176240936, 7.074033017240573, 13.212812203723123, 19.40681468920212, 21.620078077181258, 22.90364892168476, 23.95399898624483, 24.869839973738777, 25.423339058257525, 25.8215334891258, 26.0522255345856, 26.133851703029176, 26.073076902323745, 21.766479476616958, 8.97221158330998, 0.5443001830821059]],