{"A": {"PCE": [[29.83, 29.83, 29.83, 29.83, 29.83, 29.83, 29.83, 29.83], [29.767019607843135, 29.735529411764706, 29.672549019607843, 29.64105882352941, 29.64105882352941, 29.60956862745098, 29.60956862745098, 29.60956862745098], [29.231686274509805, 28.94827450980392, 28.664862745098038, 28.47592156862745, 28.44443137254902, 28.44443137254902, 28.44443137254902, 28.44443137254902], [27.720156862745096, 27.310784313725488, 26.932901960784314, 26.68098039215686, 26.649490196078432, 26.649490196078432, 26.649490196078432, 26.649490196078432], [26.051176470588235, 25.641803921568627, 25.295411764705882, 25.012, 24.980509803921567, 24.949019607843137, 24.949019607843137, 24.949019607843137], [24.382196078431374, 24.03580392156863, 23.68941176470588, 23.406, 23.34301960784314, 23.34301960784314, 23.34301960784314, 23.34301960784314], [22.839176470588235, 22.46129411764706, 22.083411764705883, 21.83149019607843, 21.8, 21.8, 21.8, 21.8]], "Voc": [[1.25, 1.25, 1.25, 1.25, 1.25, 1.25, 1.25, 1.25], [1.25, 1.25, 1.25, 1.2489098039215687, 1.2489098039215687, 1.2489098039215687, 1.2489098039215687, 1.2489098039215687], [1.244549019607843, 1.2412784313725491, 1.2390980392156863, 1.2369176470588235, 1.2369176470588235, 1.2369176470588235, 1.2369176470588235, 1.2369176470588235], [1.203121568627451, 1.1889490196078432, 1.1791372549019608, 1.1704156862745099, 1.1693254901960783, 1.1693254901960783, 1.1693254901960783, 1.1693254901960783], [1.1311686274509805, 1.115905882352941, 1.1028235294117648, 1.0930117647058823, 1.0897411764705882, 1.0897411764705882, 1.0897411764705882, 1.0897411764705882], [1.0646666666666667, 1.0504941176470588, 1.0374117647058823, 1.0276, 1.0265098039215685, 1.0254196078431372, 1.0254196078431372, 1.0254196078431372], [1.0057960784313724, 0.9938039215686274, 0.9796313725490196, 0.9730901960784314, 0.972, 0.972, 0.972, 0.972]], "FF": [[90.84, 90.84, 90.82376470588235, 90.8075294117647, 90.8075294117647, 90.8075294117647, 90.8075294117647, 90.8075294117647], [90.71011764705882, 90.59647058823529, 90.46658823529413, 90.3529411764706, 90.33670588235294, 90.33670588235294, 90.33670588235294, 90.33670588235294], [89.57364705882354, 89.05411764705883, 88.43717647058824, 88.03129411764706, 87.96635294117647, 87.96635294117647, 87.96635294117647, 87.96635294117647], [88.1124705882353, 87.96635294117647, 87.64164705882354, 87.43058823529412, 87.38188235294118, 87.38188235294118, 87.38188235294118, 87.38188235294118], [88.20988235294118, 88.19364705882353, 88.08, 87.90141176470588, 87.86894117647059, 87.86894117647059, 87.86894117647059, 87.86894117647059], [88.08, 87.96635294117647, 87.86894117647059, 87.64164705882354, 87.62541176470589, 87.62541176470589, 87.62541176470589, 87.62541176470589], [87.51176470588236, 87.26823529411764, 87.07341176470588, 86.7324705882353, 86.7, 86.7, 86.7, 86.7]], "Jsc": [[26.282, 26.282, 26.282, 26.282, 26.282, 26.282, 26.282, 26.282], [26.282, 26.282, 26.282, 26.282, 26.282, 26.282, 26.282, 26.282], [26.282, 26.282, 26.282, 26.282, 26.282, 26.282, 26.282, 26.282], [26.282, 26.282, 26.282, 26.282, 26.282, 26.282, 26.282, 26.282], [26.282, 26.282, 26.281991764705882, 26.281983529411765, 26.281983529411765, 26.281983529411765, 26.281983529411765, 26.281983529411765], [26.281975294117647, 26.281950588235294, 26.281901176470587, 26.281818823529413, 26.281785882352942, 26.281785882352942, 26.281785882352942, 26.281785882352942], [26.281703529411764, 26.281464705882353, 26.28098705882353, 26.280171764705884, 26.279916470588237, 26.2799, 26.2799, 26.2799]]}, "B": {"PCE": [[13.165098039215687, 19.152235294117645, 25.254509803921568, 29.62972549019608, 29.86, 29.86, 29.86, 29.86, 29.86, 29.86, 29.86, 29.74486274509804, 21.570117647058822, 1.075686274509804, 0.5, 0.5], [10.286666666666665, 16.27380392156863, 22.491215686274508, 28.478352941176468, 29.284313725490193, 29.62972549019608, 29.86, 29.86, 29.86, 29.86, 29.86, 29.74486274509804, 21.570117647058822, 1.075686274509804, 0.5, 0.5], [8.099058823529411, 13.971058823529411, 20.188470588235294, 26.405882352941177, 27.672392156862745, 28.59349019607843, 29.51458823529412, 29.86, 29.86, 29.86, 29.86, 29.74486274509804, 21.570117647058822, 1.075686274509804, 0.5, NaN], [6.256862745098039, 12.128862745098038, 18.23113725490196, 24.563686274509802, 25.830196078431374, 26.75129411764706, 28.248078431372548, 29.169176470588233, 29.74486274509804, 29.86, 29.86, 29.74486274509804, 21.570117647058822, 1.075686274509804, NaN, NaN], [4.529803921568628, 10.516941176470588, 16.504078431372548, 22.95176470588235, 24.103137254901963, 25.13937254901961, 26.636156862745096, 27.787529411764705, 28.823764705882354, 29.74486274509804, 29.74486274509804, 29.74486274509804, 21.454980392156862, NaN, NaN, NaN], [3.1481568627450978, 9.020156862745099, 15.12243137254902, 21.339843137254903, 22.60635294117647, 23.642588235294117, 25.13937254901961, 26.290745098039213, 27.326980392156862, 28.823764705882354, 29.284313725490193, 29.399450980392153, 20.649019607843137, NaN, NaN, NaN], [1.9967843137254901, 7.638509803921568, 13.62564705882353, 19.84305882352941, 21.10956862745098, 22.030666666666665, 23.642588235294117, 24.79396078431372, 25.830196078431374, 27.442117647058822, 28.132941176470588, 28.248078431372548, 19.49764705882353, NaN, NaN, NaN]], "Voc": [[0.6487372549019608, 0.8949176470588236, 1.1367019607843138, 1.220227450980392, 1.220227450980392, 1.220227450980392, 1.2246235294117649, 1.2246235294117649, 1.2246235294117649, 1.2246235294117649, 1.2246235294117649, 1.2246235294117649, 1.220227450980392, 1.220227450980392, 1.2290196078431372, 1.251], [0.5344392156862745, 0.7806196078431373, 1.0224039215686274, 1.211435294117647, 1.2158313725490197, 1.220227450980392, 1.2246235294117649, 1.2246235294117649, 1.2246235294117649, 1.2246235294117649, 1.2246235294117649, 1.2246235294117649, 1.220227450980392, 1.220227450980392, 1.2246235294117649, 1.2466039215686275], [0.4245372549019608, 0.6619254901960784, 0.9125019607843137, 1.1542862745098037, 1.1894549019607843, 1.2070392156862746, 1.220227450980392, 1.220227450980392, 1.2246235294117649, 1.2246235294117649, 1.2246235294117649, 1.220227450980392, 1.220227450980392, 1.220227450980392, 1.1982470588235294, NaN], [0.32342745098039216, 0.5696078431372549, 0.811392156862745, 1.0575725490196077, 1.105929411764706, 1.1410980392156862, 1.1894549019607843, 1.211435294117647, 1.220227450980392, 1.2246235294117649, 1.2246235294117649, 1.220227450980392, 1.220227450980392, 1.2026431372549018, NaN, NaN], [0.24869411764705884, 0.49047843137254904, 0.7322627450980392, 0.978443137254902, 1.0268000000000002, 1.066364705882353, 1.1191176470588236, 1.1630784313725488, 1.1982470588235294, 1.220227450980392, 1.220227450980392, 1.220227450980392, 1.2158313725490197, NaN, NaN, NaN], [0.1827529411764706, 0.4245372549019608, 0.6619254901960784, 0.9125019607843137, 0.9608588235294118, 1.0004235294117647, 1.0575725490196077, 1.1015333333333333, 1.1410980392156862, 1.1938509803921566, 1.2070392156862746, 1.211435294117647, 1.1938509803921566, NaN, NaN, NaN], [0.13, 0.3717843137254902, 0.6135686274509804, 0.8597490196078431, 0.9081058823529412, 0.947670588235294, 1.0048196078431373, 1.0443843137254902, 1.083949019607843, 1.1410980392156862, 1.1674745098039216, 1.1762666666666668, 1.1806627450980391, NaN, NaN, NaN]],